1,渤海
2,船舶
3,重工
4,公司
5,天津
6,德赛
7,机电设备
8,米自升
9,作业
10,平台
11,交付
12,具有
13,自主
14,知识产权
15,具备
16,动力
17,定位
18,湖北
19,王鄂生
20,秦振华
21,宋杰
22,通讯员
23,黄玲
24,报道
25,武船
26,世界
27,顶级
28,深水
29,三用
30,工作
31,海洋
32,石油
33,江苏
34,启东
35,驶向
36,南海
37,服务
38,中国
39,日报
40,集团
41,中海
42,先进
43,功能
44,齐全
45,明年
46,于我
47,全球
48,航运业
49,不景气
50,订单
51,下滑
52,形势
53,自主研发
54,承担
55,经济型
56,任务
57,市场
58,份额
59,不降
60,反升
61,月份
62,持有
63,造船
64,大船
65,行业
66,翘楚
67,地位
68,高技术
69,军工
70,海洋工程
71,能源
72,交通
73,装备
74,有力
75,支撑
76,公开
77,占据
78,领导
79,穿越
80,海运
81,总公司
82,韩国现代
83,韩国
84,蔚山
85,举行
86,新船
87,命名
88,交船
89,仪式
90,最大
91,集装箱船
92,环球
93,正式
94,运营
95,证券
96,代码
97,简称
98,乐普
99,医疗
100,公告
101,编号
102,北京
103,医疗器械
104,关于
105,股东
106,转让
107,股份
108,签订
109,协议
110,集团公司
111,第七
112,研究所
113,中船
114,科技
115,投资
116,发展
117,有限公司
118,投资公司
119,合称
120,出让
121,同花
122,数据中心
123,统计
124,出现
125,交易
126,成交
127,价格
128,买方
129,宏源证券
130,上海
131,妙境
132,营业部
133,卖方
134,汇总
135,日期
136,收盘价
137,成交价
138,成交额
139,买入
140,卖出
141,次日
142,涨跌
143,合格
144,境外
145,机构
146,投资者
147,调研
148,居前
149,计算机
150,通信
151,电子设备
152,制造业
153,汽车
154,医药
155,螳螂
156,长城
157,开发
158,新文化
159,关注度
160,安米
161,意大利
162,钢铁
163,收购
164,东京
165,维持
166,钢材
167,出厂价
168,稳定
169,铁矿
170,石各个
171,品味
172,中钨高新
173,停牌
174,五矿
175,重组
176,好事
177,进入
178,互动
179,精华
180,谈股论
181,泰和
182,新材
183,子公司
184,从事
185,下游
186,产品开发
187,打算
188,合作
189,不知
190,明天
191,问题
192,股票
193,技术
194,调整
195,正常
196,感觉
197,回来
198,中国船舶重工集团
199,以下简称
200,书面
201,征集
202,组织
203,评审
204,确定
205,受让方
206,签署
207,采购
208,国际
209,峰会
210,下属
211,产业发展
212,研究中心
213,主任
214,赵泽华
215,透露
216,金额
217,菜鸟
218,众信
219,旅游
220,请问
221,产品
222,天猫
223,销售
224,情况
225,网站
226,委员会
227,副主席
228,陈映秋
229,江南造船厂
230,总工程师
231,胡可一
232,中国海洋石油总公司
233,首席
234,工程师
235,范模
236,武汉理工大学
237,校长
238,新平
239,中心
240,副主任
241,上海交大
242,学院
243,院长
244,证券时报
245,第三届
246,董事会
247,会议
248,召开
249,审议
250,换手
251,今日
252,主力
253,流入
254,万元
255,流出
256,公司通过
257,国际贸易
258,大连
259,载重
260,新型
261,节能环保
262,原油
263,基建
264,领域
265,有望
266,展开
267,国际合作
268,利好
269,刺激
270,昨日
271,高端
272,概念
273,走强
274,太原重工
275,涨幅
276,强势
277,居于
278,前列
279,元高
280,信息
281,查看
282,原图
283,评论
284,赚钱
285,实用
286,推荐
287,标签
288,神舟
289,战神
290,清华同方
291,惠普
292,戴尔
293,江西省
294,全南县
295,蔬菜
296,产业
297,突破口
298,推进
299,农业
300,规模化
301,品牌化
302,新发
303,单个
304,规模
305,连片
306,高标准
307,基地
308,标准
309,建园
310,品牌
311,以前
312,房客
313,房产
314,房价
315,不会
316,疯涨
317,代表
318,楼市
319,楼盘
320,坐等
321,涨价
322,收益
323,于选哪
324,短期
325,苏州
326,水利建设
327,相关
328,生活污水
329,新闻
330,点播
331,分享
332,视频
333,新浪
334,腾讯
335,搜狐
336,博网
337,易微博
338,空间
339,东部
340,重点
341,片区
342,萝岗
343,行情
344,备受
345,置业者
346,关注
347,黄埔
348,纪录
349,区域
350,认可度
351,最初
352,本地
353,为主
354,过渡
355,年轻
356,一族
357,时尚
358,紧凑
359,不错
360,选择
361,方面
362,格局
363,满足
364,家族
365,需求
366,今天
367,运动
368,风格
369,慧聪
370,水工业
371,研究院
372,环境
373,科技协会
374,处理
375,专业
376,主办
377,力量
378,共创
379,东信
380,慧聪网
381,相信
382,消费者
383,购车
384,过程
385,中一
386,考虑
387,省油
388,合资
389,两厢
390,小型车
391,车百
392,综合
393,油耗
394,做到
395,经济
396,包袋
397,明星
398,达人
399,必不可少
400,单品之
401,包包
402,小小
403,下面
404,示范
405,经典
406,背包
407,湖南卫视
408,芒果
409,公布
410,酸菜
411,降生
412,母子
413,平安
414,恭喜
415,乐乐
416,汪涵
417,杨乐
418,合影
419,甜蜜
420,今年
421,江苏省
422,建湖县
423,计量
424,测试
425,能力
426,建设
427,立足
428,全县
429,转型
430,民生
431,实际
432,强制
433,检定
434,以民
435,围绕
436,质监局
437,生活
438,需要
439,花钱
440,地方
441,节度
442,计划性
443,容易
444,造成
445,明显
446,降低
447,品质
448,买车
449,洛神
450,瘦身
451,流行
452,传统
453,中医
454,秘方
455,我国
456,精粹
457,流传
458,选料
459,天然
460,中药材
461,工艺
462,重庆
463,最小
464,早产儿
465,存活
466,体重
467,盘点
468,富豪
469,败家
470,记录
471,揭秘
472,阶层
473,靓女
474,全裸
475,商们
476,对此
477,有所
478,无锡市
479,公寓
480,促销
481,有房
482,首付
483,万起
484,毕业
485,理想
486,近日
487,广安区
488,住房
489,城乡规划
490,建设局
491,严格按照
492,创建
493,全国
494,文明
495,城市
496,要求
497,细化
498,责任
499,明确
500,目标
501,措施
502,开展
503,四不
504,行动
505,文工
506,排查
507,不留
508,死角
509,国务院
510,农田水利
511,电视电话会议
512,水利部
513,部长
514,陈雷
515,安排
516,门把
517,贯彻
518,落实
519,精神
520,水利
521,工作重点
522,有效
523,第三
524,媒体
525,首页
526,电脑
527,导购
528,图片
529,国庆
530,出手
531,超值
532,共有
533,浏览
534,点击
535,直接
536,融资
537,融券
538,明细
539,余额
540,偿还
541,余量
542,大笔
543,船舶工业
544,行业协会
545,提供
546,数据
547,全世界
548,成绩
549,中日
550,韩几个
551,国家
552,民营企业
553,年来
554,风电
555,联合
556,设计
557,创新
558,常温
559,低温
560,系列
561,机组
562,授予
563,风力
564,发电
565,工程技术
566,称号
567,带来
568,单箱
569,成本
570,燃油
571,利用率
572,节能
573,减排
574,优势
575,压力
576,倍增
577,资金
578,雄厚
579,企业
580,只能
581,紧随
582,订造
583,南昌市
584,规划
585,部门
586,中山路
587,工程
588,南昌
589,重大
590,重点项目
591,开工
592,优惠
593,公交
594,专用道
595,公交车
596,提速
597,中山西路
598,涂料
599,涂装
600,防护
601,研究室
602,西北
603,永新
604,揭牌
605,这是
606,水平
607,发电设备
608,国产化
609,角度
610,上来
611,属于
612,经验
613,可循
614,范围
615,不断
616,摸索
617,完善
618,阶段
619,处在
620,初级阶段
621,设备
622,依托
623,新加坡
624,科海
625,龙头企业
626,带动
627,设备供应
628,系统
629,安装
630,调试
631,等分
632,包商
633,热轧
634,板卷
635,冷轧
636,涂镀
637,中厚板
638,管材
639,型材
640,不锈钢
641,特钢
642,边角料
643,佛山
644,广州
645,青岛
646,北海
647,为山
648,新一代
649,绿色
650,环保型
651,万吨
652,矿砂
653,船首
654,山东
655,业内
656,首例
657,万吨级
658,型钢
659,预测
660,武汉
661,建材
662,弱势
663,盘整
664,分享到
665,人网
666,声明
667,现货
668,任何
669,订购
670,可运
671,集装箱
672,摘要
673,运力
674,过剩
675,航运
676,面临
677,中小
678,巨头
679,马士基
680,上调
681,盈利
682,预期
683,商务部
684,反垄断
685,负责人
686,解读
687,户籍制度
688,转移
689,人口
690,及其他
691,常住
692,合法
693,权益
694,推动
695,大中小城市
696,小城镇
697,协调
698,城镇
699,省级
700,彩色
701,花园
702,标准化
703,施工技术
704,八一路
705,平安大道
706,南湖
707,广场
708,西道
709,渔港
710,渔民
711,生产
712,重要
713,渔船
714,避风
715,场所
716,防灾
717,减灾
718,组成部分
719,加快
720,沿海
721,地区
722,维护
723,生命
724,财产
725,安全
726,位于
727,天津市
728,北辰区
729,高科技
730,看到
731,机器人
732,柔性
733,工作站
734,进行
735,程序
736,介绍
737,高科
738,华泰
739,焊接
740,生产线
741,主要
742,显示
743,陆军
744,训练舰
745,隶属
746,镇江
747,船艇
748,用于
749,空军
750,驾驶
751,兵种
752,训练
753,运输舰
754,入列
755,参展
756,中国企业
757,包括
758,精密机械
759,进出口
760,中航技
761,贸易公司
762,中国北方工业公司
763,保利
764,中电
765,有限
766,标准箱
767,乐从
768,南京
769,杭州
770,济南
771,无锡
772,唐山
773,博兴
774,长沙
775,郑州
776,去年
777,相比
778,复苏
779,自来水
780,管道
781,爆裂
782,水流
783,瀑布
784,双十
785,快递
786,仓库
787,爆满
788,沈阳
789,昆明
790,兰州
791,南宁
792,石家庄
793,哈尔滨
794,社区
795,海隆
796,赢得
797,合同
798,回购
799,地球
800,遗弃
801,空灵
802,再现
803,延吉
804,株洲
805,珠海
806,肇庆
807,舟山
808,枣庄
809,遵义
810,台湾
811,定向
812,调控
813,抓手
814,财经
815,新一
816,新股
817,申购
818,开启
819,预计
820,散户
821,导读
822,刀塔
823,传奇
824,玩家
825,解疑
826,新手
827,团队
828,副本
829,第九
830,章高
831,伤害
832,阵容
833,希望
834,喜欢
835,太原
836,冯晓帆
837,建于
838,新中国
839,自行设计
840,一座
841,重型
842,机器厂
843,特大
844,骨干
845,火车
846,面的
847,车轮
848,多重
849,机锋
850,前天
851,经手
852,机行
853,霸主
854,诺基亚
855,宣布
856,退出
857,手机
858,昨天
859,新品
860,发布会
861,旗下
862,安卓
863,平板
864,许还
865,消息
866,传出
867,三力
868,周三
869,表示
870,智慧
871,继续
872,营销
873,日前
874,出台
875,深化
876,意见
877,涉及
878,大洋
879,军船
880,金融
881,国有
882,棚户区
883,拉动
884,内需
885,项目
886,构建
887,民心
888,察右中旗
889,占地
890,了解
891,招商
892,轮船
893,先后
894,外高桥
895,造价
896,上午
897,安钢
898,董事长
899,工业
900,协会
901,李涛
902,会长
903,河南省
904,办公会议
905,会议室
906,盛大
907,陈庆伟
908,秘书长
909,总装
910,资产
911,截止
912,净资产
913,达到
914,证券化
915,结合
916,优化
917,结构
918,延伸
919,业务
920,链条
921,方向
922,目前
923,船东
924,现金流
925,不佳
926,中航
927,成飞
928,沈飞
929,成员
930,单位
931,拥有
932,洪都航空
933,集成
934,资本运作
935,划分
936,航空
937,军品
938,民品
939,大大小小
940,多家
941,船厂
942,第一
943,大批量
944,点火
945,说是
946,新动力
947,革命
948,一棒
949,扬中
950,西来
951,大津
952,瞩目
953,控股
954,长兴
955,承建
956,江南
957,在建
958,二炮
959,中国航天
960,科工
961,中国航天科技集团
962,中国兵器工业集团
963,中船重工集团
964,研究院所
965,部队
966,提前
967,赎回
968,转债
969,上海证券交易所
970,摘牌
971,日至
972,提示
973,人有
974,事项
975,决定
976,执行
977,登记日
978,交易日
979,好不好
980,江增
981,厦门
982,长航
983,电气
984,停止
985,风险
986,刊载
987,家居
988,参阅
989,人士
990,行为
991,以政府
992,主管
993,公示
994,走进
995,古镇
996,卵石
997,小路
998,墙垣
999,民宅
1000,民居
1001,暴露
1002,原木
1003,本色
1004,宽阔
1005,厅堂
1006,散发
1007,山村
1008,粗犷
1009,清新
1010,游人
1011,打扰
1012,古建筑
1013,类型
1014,下午
1015,南非
1016,爱索
1017,客人
1018,访问
1019,挖掘机
1020,验收
1021,用户
1022,肯定
1023,买房
1024,白菜
1025,寻找
1026,便宜货
1027,知道
1028,便宜
1029,自然
1030,理由
1031,道理
1032,房子
1033,不在
1034,于它
1035,个股
1036,用钱
1037,证明
1038,看法
1039,啤酒
1040,股市
1041,外资
1042,救世主
1043,高位
1044,接盘
1045,不可能
1046,李大霄
1047,牛市
1048,到来
1049,成为
1050,翻倍
1051,网络
1052,西行
1053,采访
1054,活动
1055,启动
1056,全国重点
1057,参观
1058,轨道
1059,轮机
1060,午后
1061,策略
1062,大盘
1063,最佳
1064,意外
1065,高空
1066,颤抖
1067,全资
1068,协议书
1069,吨位
1070,分析
1071,认为
1072,纯正
1073,上市公司
1074,沪港
1075,稀缺性
1076,所有制
1077,获得
1078,红利
1079,披露
1080,持续
1081,增长
1082,海军装备
1083,主体
1084,显著
1085,益于
1086,海军
1087,强军
1088,敏锐
1089,洞察力
1090,建设银行
1091,信贷
1092,方案
1093,排险
1094,解难
1095,跟踪
1096,理顺
1097,流程
1098,担当
1099,浙江
1100,航务
1101,多用途
1102,大件
1103,运输船
1104,总长
1105,垂线
1106,母公司
1107,员工
1108,万人
1109,总资产
1110,详情
1111,收藏
1112,名称
1113,厂区
1114,民船
1115,月成立
1116,成功
1117,所属
1118,经营
1119,承接
1120,形成
1121,良好
1122,大众
1123,报业集团
1124,密码
1125,注册
1126,主页
1127,为民
1128,民意
1129,民忧
1130,热线
1131,投稿
1132,信箱
1133,关于我
1134,简介
1135,版权
1136,广告
1137,联系
1138,天津日报
1139,传媒
1140,文化传播
1141,版权所有
1142,联系电话
1143,未经
1144,授权
1145,转载
1146,摘编
1147,方式
1148,作品
1149,注明
1150,来源
1151,华龙网
1152,林建平
1153,于欣冉
1154,制图
1155,记者
1156,林刚
1157,转换
1158,股数
1159,共计
1160,泰尔
1161,债转股
1162,金海
1163,江联
1164,发行
1165,可转换
1166,债券
1167,宽频
1168,挂牌
1169,华菱
1170,星马
1171,年第
1172,增加
1173,国泰
1174,君安
1175,分红
1176,增利
1177,混合型
1178,投资基金
1179,基金
1180,扬子
1181,江船业
1182,高峰期
1183,来临
1184,抱团
1185,取暖
1186,陷入
1187,外运
1188,金陵
1189,南通
1190,中远
1191,川崎
1192,船舶工程
1193,扬州
1194,暂停
1195,质押
1196,新增
1197,入库
1198,发放
1199,人民网
1200,海南
1201,视窗
1202,永兴岛
1203,李学山
1204,沙市
1205,政府
1206,岛礁
1207,基础设施
1208,研究
1209,座谈会
1210,畅谈
1211,成果
1212,展望
1213,日晚
1214,三亚
1215,前往
1216,前景
1217,装备司
1218,秦明
1219,医学
1220,股权
1221,持股
1222,比例
1223,唯一
1224,心脏起搏器
1225,批文
1226,补充
1227,东港
1228,药业
1229,表现
1230,回顾
1231,生物
1232,板块
1233,下跌
1234,指数
1235,上涨
1236,概念股
1237,华东
1238,软件
1239,新华
1240,新产品
1241,注册证
1242,楚天
1243,支付
1244,现金
1245,购买
1246,配套
1247,国产
1248,药品
1249,进口
1250,替代
1251,受益
1252,制药
1253,康复
1254,特需
1255,非主流
1256,医疗服务
1257,大发
1258,恒康
1259,五名
1260,特定
1261,对象
1262,超过
1263,万股
1264,募资
1265,增发
1266,认购
1267,正是
1268,提要
1269,医疗所
1270,核心
1271,反应
1272,复牌
1273,换手率
1274,上升
1275,龙虎榜
1276,买卖
1277,中共
1278,参与
1279,统计数据
1280,年底
1281,货币
1282,下降
1283,季末
1284,健康
1285,作者
1286,屠炜颖
1287,丁丹
1288,胡博新
1289,要点
1290,本文
1291,研究报告
1292,栏目
1293,观点
1294,研究机构
1295,分析师
1296,撰写
1297,评级
1298,点评
1299,报告
1300,变化
1301,外延
1302,步伐
1303,迅速
1304,产业链
1305,扩张
1306,器械
1307,移动
1308,近期
1309,频繁
1310,强化
1311,员工激励
1312,百名
1313,掘金
1314,到访
1315,金矿
1316,李公生
1317,总局
1318,列入
1319,过度
1320,重复
1321,品种
1322,目录
1323,日发布
1324,自有
1325,并购
1326,蒲忠杰
1327,无需
1328,多虑
1329,信心
1330,十足
1331,中加
1332,长盛
1333,银华
1334,益民
1335,诺安
1336,华夏
1337,华商
1338,广发基金
1339,博时
1340,风帆
1341,日大
1342,总成
1343,净流入
1344,高于
1345,平均
1346,资金面
1347,评分
1348,德国
1349,专家
1350,引进
1351,数控
1352,龙门
1353,铣床
1354,高速
1355,柴油机
1356,有序
1357,建筑面积
1358,传动
1359,装置
1360,部件
1361,螺旋桨
1362,保证
1363,性能
1364,空泡
1365,腐蚀
1366,主机
1367,船体
1368,完美
1369,匹配
1370,超大
1371,散货船
1372,张页
1373,迎来
1374,革命性
1375,发布
1376,虚假
1377,骗取
1378,事件
1379,简评
1380,焊管
1381,下行
1382,日钢市
1383,热点
1384,杭州市
1385,场合
1386,巴西
1387,深海
1388,迅猛
1389,合同额
1390,地处
1391,长江
1392,开辟
1393,航线
1394,扬子江
1395,日本
1396,化学品
1397,开建
1398,完工
1399,前期
1400,准备
1401,生产过程
1402,吴昊
1403,亚洲
1404,启东市
1405,阶段性
1406,将于
1407,战略
1408,钻井
1409,金报
1410,李源
1411,关键词
1412,阅读
1413,建成
1414,整容
1415,容貌
1416,毛衣
1417,位置
1418,信息库
1419,原材料
1420,原料
1421,正文
1422,铸造
1423,废钢
1424,价格行情
1425,复制
1426,网址
1427,功能齐备
1428,视为
1429,瑞士军刀
1430,不可或缺
1431,斥资
1432,亿多元
1433,由英国
1434,罗尔斯
1435,罗伊斯
1436,实现
1437,产值
1438,武船要
1439,争取
1440,大型
1441,吴家
1442,店镇
1443,秋冬
1444,确保
1445,加强
1446,宣传
1447,发动
1448,小组
1449,逐级
1450,惠农
1451,民用
1452,回升
1453,爆发
1454,可期
1455,增幅
1456,别为
1457,亦可
1458,时间
1459,中财
1460,结论
1461,舰船
1462,快速
1463,天健
1464,神华
1465,闽福发
1466,类别
1467,德豪
1468,航母
1469,舰队
1470,攻击
1471,扩充
1472,升级
1473,黄金
1474,买点
1475,精选
1476,潜力股
1477,机构荐股
1478,涨停板
1479,摇篮
1480,潜力
1481,计划
1482,赞
1483,航天
1484,安徽省
1485,尔特
1486,南方航空
1487,机场
1488,恢复
1489,民航
1490,开通
1491,西安
1492,汕头
1493,湛江
1494,线路
1495,停飞
1496,开航
1497,纪念日
1498,增开
1499,鄂尔多斯
1500,榆林
1501,海口
1502,佛山市
1503,公里处
1504,人们
1505,广汉
1506,飞行
1507,大学生
1508,长征
1509,教育
1510,气象台
1511,观测室
1512,转报
1513,切换
1514,旅客
1515,突发
1516,疾病
1517,东航
1518,乘务组
1519,尽职
1520,保平
1521,甘肃
1522,吞吐
1523,量超
1524,速度
1525,最快
1526,乐凯胶片
1527,中信证券
1528,晋亿
1529,实业
1530,关闭
1531,窗口
1532,知情
1533,印度
1534,时报
1535,官方
1536,安全部门
1537,在位
1538,于拉
1539,达克
1540,班公湖
1541,船只
1542,印方
1543,水域
1544,北岸
1545,中国军队
1546,士兵
1547,纽波特
1548,造船厂
1549,杰拉德
1550,福特
1551,核动力
1552,航空母舰
1553,而立
1554,命运
1555,最强
1556,解放军报社
1557,公网
1558,安备
1559,专题
1560,专栏
1561,资料
1562,中国军网
1563,禁止
1564,下载
1565,安徽
1566,尺度
1567,许可证号
1568,搜狐公司
1569,增值
1570,电信业务
1571,许可证
1572,互联网
1573,编组
1574,上线
1575,候车
1576,前三
1577,季度
1578,消费
1579,数据发布
1580,钱花哪
1581,主城
1582,市容
1583,麻辣
1584,发潮
1585,天河
1586,段子
1587,调侃
1588,清远
1589,市长
1590,网友
1591,确认
1592,食盐
1593,专营
1594,非法
1595,营运
1596,拦住
1597,有偿
1598,车路
1599,保护
1600,人才
1601,高新
1602,开发区
1603,溪湖
1604,北路
1605,售楼处
1606,实时
1607,动态
1608,获取
1609,绿地
1610,玫瑰
1611,论坛
1612,真爱
1613,香港
1614,大公报
1615,文章
1616,名为
1617,导弹
1618,标明
1619,作用
1620,新版
1621,海防
1622,图中
1623,敌方
1624,称为
1625,向阳
1626,起航
1627,江阴市
1628,搭载
1629,蛟龙
1630,西南
1631,印度洋
1632,潜水器
1633,试验性
1634,应用
1635,航次
1636,第二
1637,北京电视台
1638,传播
1639,视听
1640,节目
1641,建议
1642,版本
1643,浏览器
1644,美国
1645,情报
1646,导弹艇
1647,数量
1648,军事
1649,观察者
1650,每一
1651,迷彩
1652,认真
1653,黑龙江省
1654,政府工作
1655,高水平
1656,奶牛场
1657,黑河市
1658,深入
1659,市域
1660,丰富
1661,水草
1662,资源优势
1663,耕地
1664,面积
1665,广阔
1666,饲草
1667,饲料
1668,安全检测
1669,美军
1670,美国国防部
1671,高级
1672,计划局
1673,空天
1674,母舰
1675,担任
1676,可在
1677,释放
1678,无人机
1679,着地
1680,贯通
1681,地铁
1682,小时
1683,抵达
1684,武林
1685,便捷
1686,价值
1687,洼地
1688,显现
1689,商业
1690,新兴
1691,对外
1692,共青团中央
1693,影视
1694,中化
1695,新网
1696,媒体报道
1697,下一代
1698,战机
1699,加州
1700,圣迭戈
1701,外海
1702,尼米兹
1703,为期
1704,发表
1705,二号线
1706,静安寺
1707,奇葩
1708,女子
1709,在家
1710,分娩
1711,薪资
1712,揭底
1713,孙吉
1714,求婚
1715,视屏
1716,曝光
1717,人民币
1718,娱乐圈
1719,现状
1720,充气娃娃
1721,男人
1722,地下
1723,科考
1724,深潜
1725,出航
1726,编辑
1727,殷明姝
1728,次数
1729,公共
1730,网络安全
1731,监察
1732,不良
1733,举报中心
1734,经营性
1735,备案
1736,诚信
1737,胶东在线
1738,姜景阳
1739,烟台
1740,校友
1741,海军航空工程学院
1742,政治部
1743,翁军
1744,干部处
1745,刘彦东
1746,处长
1747,同下
1748,来到
1749,辽宁
1750,模型
1751,何晓莉
1752,动作
1753,筋斗
1754,难度
1755,编队
1756,僚机
1757,大陆
1758,武器
1759,体系
1760,持久
1761,作战
1762,近年
1763,武器装备
1764,趋势
1765,第十届
1766,珠海航展
1767,在外
1768,想法
1769,类似
1770,提议
1771,希腊
1772,神话
1773,海德拉
1774,综合体
1775,开发商
1776,海伦
1777,相册
1778,户型
1779,样板
1780,地图
1781,踏实
1782,践行
1783,理念
1784,法律顾问
1785,备案号
1786,宣备
1787,库兹涅佐夫
1788,前身
1789,良格号
1790,最多
1791,解放军
1792,飞机
1793,携带
1794,潜艇
1795,张胜男
1796,想要
1797,看过
1798,电影
1799,复仇者
1800,联盟
1801,观众
1802,片中
1803,印象深刻
1804,五角大楼
1805,最近
1806,许是
1807,头条
1808,易信
1809,公众
1810,社会
1811,广东
1812,文化
1813,名人
1814,公开信
1815,策划
1816,滚动
1817,频道
1818,邮箱
1819,娱乐
1820,女人
1821,体育
1822,期货
1823,期指
1824,外汇
1825,理财
1826,银行
1827,保险
1828,信托
1829,博客
1830,看点
1831,培训
1832,广播电视
1833,节目制作
1834,广网
1835,之声
1836,纵横
1837,法国
1838,俄罗斯
1839,一道
1840,内交
1841,预定
1842,风级
1843,直升机
1844,副总理
1845,罗戈津
1846,国防
1847,受邀
1848,西北风
1849,符拉迪沃斯托克
1850,下水
1851,乌克兰
1852,领先
1853,电子
1854,弹射
1855,解构
1856,战斗
1857,图解
1858,特点
1859,大国
1860,速递
1861,耀眼
1862,是由
1863,超音速
1864,巡航
1865,航展
1866,亮相
1867,讲解员
1868,加入我们
1869,律师
1870,友情
1871,订阅
1872,意见反馈
1873,天极
1874,网文
1875,许字
1876,拍子
1877,帐号
1878,登录
1879,忘记
1880,原创
1881,风云榜
1882,主播
1883,萌
1884,资讯
1885,活动中心
1886,赛尔号
1887,摩尔
1888,庄园
1889,奥比
1890,胡莱
1891,三国
1892,店长
1893,家园
1894,守卫
1895,小白
1896,热血
1897,怪物
1898,猎人
1899,寄生前夜
1900,生日
1901,斯巴达
1902,幽灵
1903,生化危机
1904,启示录
1905,福州
1906,网游
1907,中江
1908,苏字第
1909,游戏
1910,兴趣
1911,战争
1912,雷霆
1913,使命
1914,神纪
1915,行者
1916,空战
1917,海战
1918,集结
1919,游戏频道
1920,单机
1921,不要
1922,以为
1923,军方
1924,奇想
1925,实际上
1926,实验
1927,储备
1928,第二次世界大战
1929,飞艇
1930,梅肯
1931,克伦
1932,侦察
1933,设置
1934,空中
1935,金霞造
1936,建筑
1937,周和平
1938,李双妍
1939,中民
1940,工业化
1941,产业园
1942,金霞
1943,中新网
1944,百度贴吧
1945,主编
1946,手机号
1947,我要
1948,纠错
1949,徐才厚
1950,邓文迪
1951,朴槿惠
1952,发言人
1953,性骚扰
1954,军事图库
1955,反华
1956,游行
1957,投降
1958,慰安
1959,威力
1960,巨大
1961,推销
1962,足以
1963,军舰
1964,干预
1965,不小
1966,威胁
1967,海岸线
1968,漫长
1969,示意图
1970,热门话题
1971,承办
1972,中国青年
1973,无畏
1974,岳阳
1975,毒蜘蛛
1976,排行
1977,反腐
1978,查处
1979,谷俊山
1980,解决
1981,发射
1982,神秘
1983,物体
1984,西方
1985,重启
1986,地址
1987,石景山
1988,路甲
1989,内容
1990,法律
1991,事务
1992,电子邮件
1993,违法
1994,升级版
1995,研制
1996,出炉
1997,延长
1998,光谷
1999,一体化
2000,资费
2001,澳大利亚
2002,实质性
2003,结束
2004,协定
2005,谈判
2006,习近平
2007,中方
2008,当好
2009,海南日报
2010,电话
2011,传真
2012,海南省
2013,海口市
2014,金盘路
2015,大厦
2016,合作伙伴
2017,中国联通
2018,分公司
2019,电视台
2020,许可
2021,素洁
2022,即日
2023,面向
2024,华人
2025,俄方
2026,付给
2027,不清
2028,标题
2029,总统
2030,鱼雷
2031,射程
2032,隐蔽性
2033,突防
2034,精度
2035,高等
2036,参考消息
2037,报社
2038,杀手
2039,洲际导弹
2040,中新社
2041,胡耀杰
2042,王梦馨
2043,韩媒
2044,龙海
2045,成朝
2046,人物
2047,检察
2048,机关
2049,张厚龙
2050,立案
2051,侦查
2052,山西
2053,权力
2054,清单
2055,投行
2056,经理
2057,难忍
2058,食物
2059,难吃
2060,辞职
2061,餐厅
2062,中原
2063,苹果园
2064,商务合作
2065,苹果
2066,游戏软件
2067,攻略
2068,评测
2069,游戏下载
2070,方正
2071,罗辑
2072,印本
2073,字号
2074,帐户
2075,电信
2076,驱动之家
2077,组合
2078,飞行器
2079,游民星空
2080,常州市
2081,武进
2082,常弘
2083,事务所
2084,龚雷
2085,共治
2086,十里
2087,红妆
2088,红遍
2089,美利坚
2090,一代
2091,二代
2092,自闭症
2093,儿童
2094,宁波大学
2095,留言簿
2096,饮水
2097,时代
2098,尴尬
2099,自带
2100,酒水
2101,之家
2102,门户网站
2103,球迷
2104,佩兰
2105,赠送
2106,国足
2107,福地
2108,扬帆
2109,外孙
2110,一句话
2111,耗资
2112,东方明珠
2113,中旬
2114,市值
2115,归来
2116,组成
2117,合并
2118,全新
2119,上市
2120,电磁
2121,射器
2122,起飞
2123,由美国
2124,蒸汽
2125,容积
2126,疑似
2127,试验
2128,卫星
2129,站上
2130,照片
2131,清晰
2132,辅助
2133,实验设备
2134,探底
2135,时长
2136,选拔
2137,申请
2138,北京军区
2139,仪仗
2140,女兵
2141,别来
2142,自治区
2143,特殊
2144,岗位
2145,土库曼斯坦
2146,库尔班
2147,古力
2148,别尔
2149,德穆哈
2150,梅多夫
2151,访华
2152,欢迎
2153,中国人民解放军
2154,三军
2155,仪仗队
2156,身影
2157,高清
2158,历史
2159,比尼
2160,米兹级
2161,责编
2162,赵煜
2163,实习生
2164,惊人
2165,女队员
2166,中央
2167,扩大
2168,交往
2169,民族文化
2170,成就
2171,重大决策
2172,有利于
2173,彰显
2174,国威
2175,军威
2176,增强
2177,民族
2178,凝聚力
2179,排行榜
2180,刑法
2181,集资
2182,诈骗
2183,死罪
2184,量刑
2185,糊化
2186,网群
2187,志文
2188,财政局
2189,局长
2190,金湖县
2191,民间
2192,设想
2193,能够
2194,帕特
2195,方法
2196,小型
2197,发挥
2198,效力
2199,有希
2200,现有
2201,限度
2202,改动
2203,成能
2204,国防部
2205,研究项目
2206,负责
2207,旨在
2208,亳州
2209,晚报社
2210,新闻网
2211,半岛
2212,都市报
2213,孙桂东
2214,年至
2215,设计制造
2216,水陆
2217,两用
2218,机头
2219,尺寸
2220,停车场
2221,方便
2222,高铁
2223,部委
2224,三年
2225,入园率
2226,铁路
2227,动车
2228,英语
2229,流利
2230,老外
2231,记忆法
2232,老板
2233,秘诀
2234,清华
2235,解数
2236,理化
2237,导航
2238,学习
2239,生变
2240,优等生
2241,题型
2242,降落
2243,扫描
2244,二维码
2245,好友
2246,朋友圈
2247,返回
2248,顶部
2249,幸福
2250,可变
2251,强健
2252,想开
2253,中文网
2254,特级
2255,配备
2256,庞大
2257,并将
2258,周边
2259,海域
2260,定为
2261,任务区
2262,朱姆
2263,沃尔特
2264,吊装
2265,派遣
2266,地面
2267,打击
2268,伊斯兰
2269,韩防长
2270,会见
2271,商讨
2272,驻扎
2273,西科斯基
2274,波音
2275,首都
2276,位於
2277,半径
2278,列为
2279,组建
2280,思想
2281,构成
2282,注定
2283,战术
2284,劣势
2285,多种
2286,模式
2287,可谓
2288,战场
2289,多面手
2290,效率
2291,低于
2292,轰炸机
2293,巡航导弹
2294,海外
2295,陆基
2296,坦克
2297,无法
2298,占领
2299,防御
2300,中央社
2301,加拿大
2302,防务
2303,船坞
2304,所在
2305,大庆网
2306,军事频道
2307,热门
2308,军备
2309,组装
2310,杂志
2311,东风
2312,程远
2313,机动
2314,高超
2315,音速
2316,预警
2317,时间短
2318,末端
2319,中国歼
2320,歼击机
2321,登上
2322,甲板
2323,常通过
2324,论证
2325,卫东
2326,战斗机
2327,标志
2328,型号
2329,起降
2330,站点
2331,对接
2332,火车站
2333,麻木
2334,行政
2335,义务植树
2336,植物
2337,正值
2338,适宜
2339,栽种
2340,资源
2341,广船国际
2342,购入
2343,戈尔
2344,什科夫
2345,元帅
2346,对方
2347,报价
2348,高达
2349,狮子大开口
2350,下定决心
2351,外界
2352,评价
2353,下来
2354,北京西长安街
2355,号院
2356,起火
2357,出逃
2358,六年
2359,犯罪嫌疑人
2360,面前
2361,上将
2362,对手
2363,美方
2364,升空
2365,试飞
2366,四代
2367,试听
2368,技术支持
2369,新华网
2370,张旭东
2371,远洋
2372,功勋
2373,反驳
2374,前苏联
2375,乌里
2376,诺夫斯克
2377,相同
2378,上进
2379,初始
2380,出征
2381,航段
2382,新华社
2383,潜水
2384,宋学春
2385,江阴
2386,毛里求斯
2387,补给
2388,调查
2389,海区
2390,齐鲁
2391,袁丹我
2392,说说
2393,链接
2394,驱逐舰
2395,中文
2396,初雪
2397,兄弟
2398,许只
2399,有着
2400,面孔
2401,聊城
2402,引来
2403,目光
2404,人才招聘
2405,广告服务
2406,网站建设
2407,军事科学院
2408,研究员
2409,杜文龙
2410,战斗力
2411,火箭发动机
2412,中段
2413,抛物线
2414,弹道
2415,转变
2416,波峰
2417,探测
2418,大气层
2419,计算
2420,落点
2421,大大
2422,司长
2423,李东
2424,书记
2425,肖杰
2426,副总
2427,建平
2428,基本情况
2429,科研
2430,强国
2431,美好
2432,陈际阳
2433,廖朝毅
2434,文海
2435,坦言
2436,直言
2437,飞行员
2438,漂亮
2439,认识
2440,惊呼
2441,组图
2442,进度
2443,巨型
2444,南沙
2445,官兵
2446,永暑礁
2447,巡逻
2448,值勤
2449,上一
2450,图集
2451,输入
2452,门将
2453,点球
2454,鲜血
2455,中国解放军
2456,中看
2457,相似
2458,好消息
2459,入围
2460,三名
2461,改成
2462,平直
2463,现实
2464,无限
2465,码头
2466,鸣谢
2467,舰员
2468,陈飞国
2469,办公
2470,军装
2471,初步
2472,战舰
2473,排名
2474,淘宝
2475,申领
2476,周内
2477,配送
2478,到位
2479,房祖名
2480,张默
2481,不争
2482,星二
2483,登陆舰
2484,宽大
2485,篮球场
2486,战力
2487,里程碑
2488,凤凰
2489,读书
2490,亲子
2491,纪实
2492,凤凰卫视
2493,话题
2494,舆论
2495,焦点
2496,英国
2497,陕西
2498,洪振
2499,王洪
2500,医院
2501,利比里亚
2502,朋友
2503,港媒
2504,观察
2505,新鲜
2506,现身
2507,誉为
2508,科技成果
2509,转化
2510,工作人员
2511,降落伞
2512,航天器
2513,震撼
2514,少将
2515,八大
2516,图图
2517,吓坏
2518,油价
2519,史上
2520,连跌
2521,汽油
2522,降至
2523,偿债
2524,市县
2525,沦陷
2526,风暴
2527,通进
2528,通关
2529,高通
2530,尾声
2531,厂商
2532,商家
2533,卖假
2534,冻结
2535,银监
2536,商业银行
2537,净利润
2538,日版
2539,大规模
2540,放水
2541,民怨
2542,菜价
2543,夫妻
2544,供稿
2545,中国侨网
2546,镜像
2547,举报
2548,八连
2549,湖南
2550,公职
2551,人员
2552,打猎
2553,射杀
2554,村妇
2555,自首
2556,刑拘
2557,友情链接
2558,国际在线
2559,中国台湾
2560,中国日报
2561,毛泽东
2562,外孙女
2563,周立波
2564,李咏
2565,闹翻
2566,台风
2567,马逊
2568,进行时
2569,咖啡
2570,培训机构
2571,中小学
2572,秋季
2573,招生
2574,情色片
2575,色情片
2576,总机
2577,版权保护
2578,登载
2579,文字
2580,多媒体
2581,举报投诉
2582,须知
2583,诚聘英才
2584,华盛顿
2585,第五
2586,司令
2587,蒙哥马利
2588,访谈
2589,谈论
2590,保持
2591,接触
2592,军情
2593,吉林
2594,卫视
2595,缺点
2596,秘籍
2597,肚子
2598,减肥
2599,漏油
2600,自信
2601,对华
2602,单架
2603,舰艇
2604,大比
2605,服役
2606,良格
2607,固定
2608,凌龙
2609,隐身
2610,闪电
2611,靓照
2612,楚楚
2613,云娟
2614,图说
2615,男子
2616,新婚
2617,早产
2618,玩偶
2619,主人
2620,自信心
2621,表现力
2622,专注
2623,成就感
2624,得到
2625,男孩
2626,汤世轩
2627,西红柿
2628,打卤面
2629,现出
2630,艺术
2631,奇峰
2632,打草稿
2633,铺张
2634,用心
2635,发现
2636,重在
2637,体会
2638,雪龙号
2639,彭丽媛
2640,台阶
2641,周杰伦
2642,婚期
2643,巴黎
2644,遗憾
2645,洪都拉斯
2646,母机
2647,载有
2648,寇蒂斯
2649,雀鹰
2650,侦察机
2651,失事
2652,加利福尼亚
2653,海岸
2654,蒙特利
2655,以南
2656,斯珀
2657,层面
2658,开放
2659,创新性
2660,直达
2661,实拍
2662,转身
2663,拦截
2664,信号
2665,奥巴马
2666,安倍
2667,伴侣
2668,省份
2669,老虎
2670,探秘
2671,秦城监狱
2672,高官
2673,显赫
2674,大气
2675,湍流
2676,坠毁
2677,新泽西州
2678,外遇
2679,猛烈
2680,国际问题
2681,技术项目
2682,詹姆斯
2683,刘易斯
2684,远离
2685,空域
2686,难题
2687,网易
2688,长白山
2689,亚丁湾
2690,演练
2691,火力
2692,全开
2693,密集
2694,射击
2695,央视
2696,吐槽
2697,西直门
2698,立交桥
2699,司机
2700,迷魂阵
2701,军队
2702,不明
2703,太空
2704,大河网
2705,请勿
2706,违者
2707,追究
2708,岁月
2709,船长
2710,副刊
2711,蜜蜂
2712,大战
2713,饽饽
2714,阴阳
2715,胡同
2716,老实
2717,南京日报
2718,资质证书
2719,工作机会
2720,舱门
2721,伸手
2722,美臀
2723,大赛
2724,肌肉
2725,劲爆
2726,诱人
2727,火车票
2728,预售
2729,蝴蝶效应
2730,机票
2731,全价
2732,多宝
2733,王老吉
2734,沃斯堡
2735,近海
2736,战斗舰
2737,袭击
2738,巴基斯坦
2739,西北部
2740,死亡
2741,增设
2742,户口
2743,区分
2744,发函
2745,东南网
2746,北京市
2747,中银
2748,绘制
2749,想象
2750,描绘
2751,运输机
2752,场景
2753,形似
2754,食者
2755,死神
2756,上世纪
2757,年代
2758,包裹
2759,辛顿
2760,虚拟
2761,模拟器
2762,影院
2763,值得
2764,体验
2765,休息
2766,参考
2767,经历
2768,终极
2769,设计制作
2770,坚定
2771,既定
2772,路线
2773,悬念
2774,事情
2775,北京青年报
2776,网际
2777,女孩
2778,用眼
2779,暴盲
2780,龙虎网
2781,市民
2782,李芳两
2783,结识
2784,一名
2785,自称
2786,发财
2787,李芳
2788,贷款
2789,交给
2790,家庭
2791,主妇
2792,入股
2793,逼近
2794,精彩推荐
2795,成绩单
2796,人民
2797,电视节目
2798,说到底
2799,分店
2800,开业
2801,短短
2802,开店
2803,销售额
2804,改变
2805,流通领域
2806,竞争
2807,书写
2808,布什
2809,跨度
2810,改进
2811,排水量
2812,增大
2813,中包
2814,华盛顿号
2815,自卫队
2816,落下
2817,帷幕
2818,利剑
2819,演习
2820,美日
2821,机会
2822,往年
2823,宣扬
2824,中国空军
2825,号称
2826,显得
2827,相当
2828,低调
2829,华耀
2830,周口
2831,奇迹
2832,物流
2833,半年
2834,挥手
2835,雄城
2836,精彩
2837,篇章
2838,商贸
2839,商界
2840,公安
2841,中印
2842,反恐
2843,联训
2844,印军
2845,表演
2846,裸身
2847,喷火
2848,火箭炮
2849,泰国
2850,发威
2851,多发
2852,怒射
2853,偏远
2854,菜窖
2855,上起
2856,环球网
2857,效果
2858,夯实
2859,基础
2860,河南
2861,碰撞
2862,激情
2863,交流
2864,风尚
2865,新乡
2866,整装
2867,宇通
2868,技术创新
2869,客车
2870,优秀企业
2871,巡礼
2872,电动
2873,电控
2874,落户
2875,新能源
2876,芭蕾
2877,马林
2878,斯基
2879,剧院
2880,芭蕾舞团
2881,辉煌
2882,顶尖
2883,古典
2884,涌现
2885,级别
2886,巨星
2887,豪华
2888,杨波
2889,郭瑞
2890,堪称
2891,年度
2892,芭蕾舞
2893,驼马
2894,福金编
2895,集锦
2896,首演
2897,穿过
2898,风情
2899,越过
2900,开阔
2901,天桥
2902,公园
2903,主角
2904,登场
2905,基辅
2906,近距
2907,呈现
2908,眼前
2909,船舷
2910,彩旗
2911,防空
2912,雷达
2913,防区
2914,泰达
2915,滨海
2916,运作
2917,营销策划
2918,栽花
2919,植树
2920,广告宣传
2921,招商引资
2922,凭着
2923,于三个
2924,稀缺
2925,号外
2926,明斯克
2927,深圳
2928,著名
2929,旅游景区
2930,整体
2931,游撑起
2932,假期
2933,半壁江山
2934,陈兵
2935,刘明又
2936,新项目
2937,景区
2938,李克强
2939,郭庚茂
2940,民主党
2941,主席
2942,谢伏瞻
2943,王文银
2944,巡视
2945,省委
2946,反馈
2947,焦作
2948,鹤壁
2949,南阳
2950,航空港
2951,引智
2952,试验区
2953,慰问
2954,中澳
2955,南极
2956,雪龙
2957,澳洲
2958,万里信缘
2959,国防部长
2960,悉尼
2961,华侨
2962,来访
2963,威海
2964,威海市委
2965,宣传部
2966,洽谈
2967,亲戚
2968,刘明
2969,明说
2970,清政府
2971,摊子
2972,南京市
2973,玄武
2974,大道
2975,徐庄
2976,软件园
2977,人民日报社
2978,分社
2979,允许
2980,枞阳
2981,在线
2982,中安
2983,京城
2984,茶馆
2985,所谓
2986,群人
2987,工商
2988,星云
2989,传讯
2990,官方网址
2991,一轮
2992,寿险
2993,二轮
2994,首轮
2995,资本
2996,炮兵
2997,对决
2998,政府军
2999,落败
3000,第五届
3001,香山
3002,讨论
3003,国防科技
3004,信息网
3005,伊丽莎白
3006,女王
3007,苏格兰
3008,罗塞斯
3009,意义
3010,进展
3011,英国海军
3012,设计师
3013,能效比
3014,宅男
3015,绑架
3016,皮鞭
3017,抽打
3018,量产
3019,中运
3020,命丧
3021,蕉林
3022,事发
3023,血迹
3024,安全套
3025,击沉
3026,很快
3027,机密
3028,超限战
3029,反响
3030,军事战略
3031,国防大学
3032,教授
3033,乔良
3034,利益
3035,关系
3036,第二届
3037,南方
3038,磐石
3039,台南
3040,站台
3041,赖清德
3042,只顾
3043,知名度
3044,竞争力
3045,连战
3046,痛批
3047,太阳花
3048,世代
3049,下流
3050,震惊
3051,乔良通
3052,开讲
3053,年到
3054,对应
3055,拉美
3056,危机
3057,东南亚
3058,重庆市
3059,北部
3060,新区
3061,青枫北路
3062,邮编
3063,法人
3064,营业执照
3065,中工
3066,表情
3067,匿名
3068,新闻联播
3069,省有
3070,高速公路
3071,月底
3072,通车
3073,平遥
3074,战列舰
3075,消亡
3076,不仅仅
3077,生存
3078,大口径
3079,舰炮
3080,距离
3081,障碍
3082,顾虑
3083,保有
3084,费用
3085,基本原则
3086,设定
3087,起锚
3088,挺进
3089,恶劣
3090,西风带
3091,西风
3092,承诺
3093,花一
3094,高考成绩
3095,一本
3096,遥感
3097,火箭
3098,集热
3099,内蒙古
3100,呼格
3101,吉勒
3102,图案
3103,再审
3104,空气
3105,毛利
3106,人行
3107,免责
3108,大庆
3109,上述
3110,法律责任
3111,自律
3112,公约
3113,红网
3114,娄底
3115,分站
3116,谭卫丰
3117,王威群
3118,朱琴
3119,中部
3120,双峰
3121,推介会
3122,材料
3123,投产
3124,过去
3125,停泊
3126,维修
3127,改装
3128,掩饰
3129,任志强
3130,自曝
3131,视角
3132,皮凯蒂
3133,先生
3134,悲惨
3135,中国行
3136,发稿
3137,朗玛
3138,涨停
3139,中视
3140,历经
3141,一年
3142,双机
3143,完毕
3144,首届
3145,服装
3146,中服
3147,国际贸易中心
3148,洽谈会
3149,通州区
3150,张家湾
3151,隆重
3152,产生
3153,商圈
3154,服务包括
3155,范畴
3156,涉及到
3157,物业管理
3158,法务
3159,咨询
3160,财务管理
3161,税务
3162,物流配送
3163,广告投放
3164,订货
3165,华衣网
3166,提醒
3167,服装服饰
3168,东风标致
3169,高效
3170,智能
3171,控
3172,三重
3173,进化
3174,启航
3175,凯迪拉克
3176,兰博基尼
3177,主营品牌
3178,石家庄市
3179,桥西区
3180,二环
3181,西路
3182,底价
3183,预约
3184,试驾
3185,二手车
3186,置换
3187,致远
3188,汽车销售
3189,会员
3190,卡号
3191,温馨
3192,收银员
3193,手机号码
3194,会员卡
3195,万家
3196,法拉利
3197,车模
3198,女神
3199,阿斯顿
3200,马丁
3201,美女
3202,感受
3203,敞篷
3204,小跑
3205,闻人
3206,民日报
3207,缺陷
3208,电商
3209,鸡肋
3210,菲亚特
3211,套路
3212,放弃
3213,老牌
3214,车型
3215,古板
3216,思路
3217,外观
3218,高高在上
3219,体现
3220,魅力
3221,实施
3222,反间
3223,间谍
3224,力度
3225,警惕
3226,可疑
3227,应该
3228,国家安全
3229,日新
3230,专电
3231,许晓青
3232,高少华
3233,主流
3234,强大
3235,实力
3236,公信力
3237,影响力
3238,体制改革
3239,广播
3240,迈出
3241,台长
3242,黎瑞刚
3243,大小
3244,资格
3245,证书
3246,投资咨询
3247,资质
3248,上海东方
3249,财富证券
3250,投诉
3251,青年
3252,公益
3253,放心
3254,上海热线
3255,关於
3256,第二炮兵
3257,心理
3258,身体
3259,素质
3260,理解
3261,一流
3262,过载
3263,增资
3264,资产评估
3265,报告书
3266,公告日
3267,详见
3268,附件
3269,东方网
3270,超大型
3271,冷式
3272,液化
3273,石油气
3274,于俊
3275,何宝新
3276,结构调整
3277,关联交易
3278,手机网
3279,年化
3280,交易所
3281,第二十
3282,决议
3283,全体
3284,董事
3285,存在
3286,商用
3287,公务
3288,展览会
3289,缔造
3290,引航
3291,落幕
3292,审计
3293,世博
3294,展览馆
3295,独立董事
3296,关于第
3297,独立
3298,同意
3299,船型
3300,通讯
3301,船舶修造
3302,议案
3303,缓解
3304,经营所
3305,亟需
3306,走出
3307,困境
3308,华联
3309,共同
3310,合计
3311,长途
3312,运输
3313,沈文敏
3314,温网
3315,交友
3316,短信
3317,数码
3318,温州
3319,总产值
3320,百分点
3321,造船业
3322,跻身
3323,气体
3324,行列
3325,封锁
3326,垄断
3327,姊妹
3328,记载
3329,误导性
3330,陈述
3331,遗漏
3332,系数
3333,很大
3334,复杂
3335,伦船业
3336,世强
3337,给予
3338,高度
3339,王璐
3340,亏损
3341,由此
3342,纳入
3343,报表
3344,参加
3345,法规
3346,规范性文件
3347,公认
3348,危险
3349,页岩
3350,开采
3351,升温
3352,液化气船
3353,新宠
3354,于日
3355,面对
3356,低迷
3357,科技创新
3358,三方
3359,协商
3360,业绩
3361,周期
3362,向上
3363,看好
3364,亚星
3365,锚链
3366,中集
3367,大厅
3368,主题词
3369,平稳
3370,转发
3371,您好
3372,感谢
3373,二手
3374,齐跌
3375,下挫
3376,增减
3377,船舶业
3378,信息化
3379,颁布
3380,中长期
3381,总额
3382,进口额
3383,邱伯华
3384,符合
3385,客观
3386,征得
3387,有权
3388,政府机构
3389,审批
3390,意为
3391,前提
3392,股海
3393,量能
3394,萎缩
3395,利来
3396,投票
3397,红包
3398,灯塔
3399,走势分析
3400,吴西
3401,短线
3402,许君浩
3403,止跌
3404,阳线
3405,关键
3406,木头
3407,可转债
3408,变动
3409,瑞典
3410,三星
3411,重工业
3412,反对
3413,工程建设
3414,韩国三星
3415,落空
3416,指出
3417,韩船企
3418,信息部
3419,谭乃芬
3420,发展论坛
3421,上表
3422,量比
3423,请求
3424,主营业务
3425,收入
3426,月度
3427,指标
3428,招商局
3429,李建红
3430,中国船舶工业集团
3431,胡问鸣
3432,见证
3433,苏新刚
3434,总经理
3435,助理
3436,仁杰
3437,韩国大宇
3438,林忠钦
3439,王蓉
3440,中国船级社
3441,技术咨询
3442,评议
3443,大学
3444,了解到
3445,东方红
3446,船舶设计
3447,委托
3448,防污
3449,抛光
3450,丙烯酸
3451,立邦
3452,公司主营
3453,建筑涂料
3454,汇龙
3455,木器涂料
3456,表面处理
3457,安美特
3458,化学
3459,电镀
3460,添加剂
3461,杜邦
3462,化工
3463,浦钢
3464,交易中心
3465,求购
3466,监测
3467,走势
3468,收盘
3469,第八
3470,商品
3471,船舶涂料
3472,喷砂
3473,木门
3474,停滞
3475,时期
3476,茫然
3477,涂装设备
3478,主营
3479,紫云
3480,自治县
3481,坝羊乡
3482,大坡
3483,品学
3484,越来越
3485,重视
3486,理应
3487,发展方向
3488,绿色环保
3489,政策
3490,挥发物
3491,需求量
3492,安顺
3493,水泥船
3494,案例
3495,算是
3496,拿不到
3497,名单
3498,小船
3499,中投
3500,顾问
3501,印尼
3502,锡矿
3503,车海
3504,签约
3505,采选
3506,海面
3507,纪念
3508,中国人
3509,军事博物馆
3510,世纪
3511,拆船
3512,萧条
3513,底部
3514,区间
3515,节能型
3516,处于
3517,三菱
3518,日本企业
3519,苍龙
3520,兼容性
3521,招标
3522,澳政府
3523,常规
3524,日本海
3525,不顾
3526,车市
3527,上海站
3528,上海市
3529,海底
3530,挪威
3531,财政部长
3532,澳大
3533,利亚欲
3534,韩梁
3535,路透社
3536,先前
3537,澳大利亚政府
3538,替换
3539,柯林斯
3540,官员
3541,澳方
3542,路透
3543,废止
3544,倾向
3545,举办
3546,第十一届
3547,大连国际
3548,海事
3549,电液
3550,驱动器
3551,多路
3552,液压
3553,单元
3554,递交
3555,监管
3556,文件
3557,双方
3558,中达
3559,上限
3560,王宏
3561,职责
3562,大会
3563,选举
3564,届满
3565,柴油
3566,发动机
3567,背景
3568,三星集团
3569,受挫
3570,协同
3571,效应
3572,存疑
3573,股价
3574,大跌
3575,交易市场
3576,约翰斯顿
3577,赞扬
3578,中表
3579,贸易
3580,汇文
3581,海精
3582,靖江
3583,南洋
3584,导致
3585,影响
3586,减少
3587,效益
3588,油气
3589,高潮
3590,井喷
3591,大宇
3592,三大
3593,扩展
3594,不得而知
3595,巴西政府
3596,进军
3597,尝到
3598,甜头
3599,三家
3600,广州市
3601,红帆
3602,酒店
3603,金舟
3604,附带
3605,搬迁
3606,减产
3607,补偿
3608,生意
3609,燃料
3610,燃耗
3611,购建
3612,油轮
3613,远洋运输
3614,总监
3615,徐凯
3616,发展部
3617,高勇军
3618,集装箱运输
3619,技术管理
3620,部副
3621,范志勤
3622,机电部
3623,航天机电
3624,建发
3625,浙江省
3626,已通过
3627,重回
3628,高点
3629,南北
3630,车或
3631,中泰
3632,晋西
3633,车轴
3634,加工
3635,车间
3636,章到
3637,一家
3638,多功能
3639,扶正
3640,一号线
3641,船台
3642,华光
3643,中第
3644,广西
3645,西江
3646,浮船坞
3647,分段
3648,日下
3649,口岸
3650,泰州
3651,杂货船
3652,签字
3653,开端
3654,不言而喻
3655,防腐涂料
3656,山东省
3657,矿业
3658,利亚黑
3659,德兰
3660,铁矿石
3661,管理体系
3662,认证
3663,审核
3664,审核员
3665,钢结构
3666,首航
3667,亚欧
3668,高浪急
3669,公主
3670,摇晃
3671,谈兴
3672,受到
3673,投资机会
3674,分会
3675,邮轮
3676,游艇
3677,秘书
3678,长于
3679,建中
3680,繁荣
3681,国民
3682,出游
3683,模块
3684,天然气
3685,保税区
3686,发出
3687,表决
3688,应到
3689,主业
3690,剥离
3691,抛售
3692,产权
3693,叫卖
3694,真实性
3695,准确性
3696,完整性
3697,连带
3698,下单
3699,极地
3700,北极
3701,重冰区
3702,运行
3703,重载
3704,船主
3705,油气田
3706,者从市
3707,经信
3708,获悉
3709,企业集团
3710,三菱集团
3711,电机
3712,评估
3713,账面
3714,表述
3715,不符
3716,为准
3717,理性
3718,注意
3719,中国石化
3720,工程公司
3721,告诉
3722,证券交易所
3723,留任
3724,寻求
3725,合适
3726,人选
3727,填补
3728,空缺
3729,适当
3730,刊发
3731,阿思
3732,通讯社
3733,申银
3734,万国
3735,董秘施
3736,龙穴
3737,别向
3738,科进
3739,生效
3740,创造
3741,建厂
3742,自贸区
3743,奉化
3744,协作区
3745,奉化市
3746,外高桥保税区
3747,经济开发区
3748,林志吟
3749,行情报价
3750,盘口
3751,异动
3752,流向
3753,自选
3754,最高
3755,最低
3756,题为
3757,高性能
3758,烟气
3759,除尘
3760,污染防治
3761,寿命
3762,耐候性
3763,树脂
3764,节电
3765,润滑油
3766,石等
3767,达成
3768,商事
3769,探索
3770,品牌汽车
3771,管理制度
3772,汽车行业
3773,机械
3774,财务
3775,总值
3776,上光
3777,供应链
3778,框架
3779,港交所
3780,胜利
3781,王平
3782,减持
3783,套现
3784,港币
3785,均价
3786,郑建明
3787,在场
3788,总体
3789,自筹
3790,借款
3791,用途
3792,可根
3793,记者站
3794,吴培维
3795,黄成峰
3796,孙吉晶
3797,总部
3798,项目合作
3799,联合早报
3800,吉宝
3801,新源
3802,新交
3803,累计
3804,市净率
3805,基本面
3806,现代化
3807,可设
3808,成熟
3809,投资人
3810,预估
3811,第一次
3812,外厂
3813,形式
3814,状况
3815,盘活
3816,生产效率
3817,原因
3818,精力
3819,生产经营
3820,钻台
3821,一次性
3822,完整
3823,为公司
3824,于各
3825,大展
3826,空调
3827,日盛
3828,时尚生活
3829,管理理
3830,展现
3831,检验
3832,检疫局
3833,截获
3834,不合
3835,羊毛
3836,货值
3837,检验检疫
3838,包内
3839,夹杂
3840,羊粪
3841,中国网
3842,质量监督
3843,携手
3844,别墅装修
3845,博览会
3846,享誉
3847,空调制冷
3848,百年
3849,于各个
3850,庆祝
3851,香港股市
3852,民企
3853,长海
3854,船务
3855,试航
3856,后市
3857,研判
3858,均线
3859,上方
3860,中线
3861,看涨
3862,持股者
3863,高抛低
3864,锦城
3865,三房
3866,晨报
3867,对比
3868,香港恒生指数
3869,点位
3870,月初
3871,悬臂梁
3872,井架
3873,负荷
3874,套管
3875,张力
3876,节点
3877,承包商
3878,质量
3879,广东省
3880,质量技术监督局
3881,通报
3882,锻压机械
3883,产品质量
3884,监督
3885,东莞
3886,中山
3887,江门
3888,顺德
3889,株式会社
3890,戈班
3891,兴建
3892,薄膜
3893,太阳能电池
3894,工厂
3895,韩圜
3896,募集资
3897,金运
3898,可行性
3899,分析报告
3900,四年
3901,十一月
3902,十八日
3903,雄踞
3904,大浦
3905,致使
3906,成交量
3907,飘红
3908,购房者
3909,万就能买约
3910,御庭
3911,生态城
3912,生态
3913,低密度
3914,居墅区
3915,紧邻
3916,相望
3917,路网
3918,发达
3919,乐居
3920,赵晶
3921,吉宝沁
3922,涵盖
3923,花园洋房
3924,双拼
3925,别墅
3926,业态
3927,港股
3928,数目
3929,长江实业
3930,澄清
3931,身为
3932,文汇报
3933,包含
3934,三星电子
3935,康宁
3936,火灾
3937,物产
3938,丹麦
3939,备选
3940,执行官
3941,租船
3942,张下一
3943,综述
3944,参数
3945,测评
3946,定速
3947,冷暖
3948,适合
3949,房间
3950,后盾
3951,冬天
3952,温度
3953,困扰
3954,格力
3955,海尔
3956,美的
3957,海信
3958,奥克斯
3959,志高
3960,大金
3961,格兰仕
3962,伊莱克斯
3963,松下
3964,春兰
3965,日系
3966,发力
3967,个性
3968,面板
3969,富有
3970,质感
3971,色彩
3972,劲扬
3973,韩元
3974,业务领域
3975,成套设备
3976,陆地
3977,接获
3978,日刊
3979,电力
3980,淄博
3981,热电
3982,剩余
3983,技术标准
3984,离心
3985,下线
3986,冰山
3987,制冷
3988,特有
3989,龙骨
3990,压缩机
3991,优秀
3992,科龙
3993,长虹
3994,净化器
3995,极致
3996,过硬
3997,全方位
3998,净化空气
3999,一重
4000,比较
4001,知名
4002,万维
4003,过人
